{
  "raw": {
    "val": {
      "accuracy": 0.9179926560587516,
      "macro_f1": 0.917901766600927
    },
    "test": {
      "accuracy": 0.9013990672884743,
      "macro_f1": 0.9021352611574678,
      "confusion": [
        [
          136,
          2,
          2,
          2,
          2,
          0,
          0,
          6,
          0,
          0
        ],
        [
          8,
          125,
          0,
          0,
          12,
          2,
          0,
          0,
          0,
          0
        ],
        [
          17,
          2,
          130,
          0,
          4,
          1,
          0,
          0,
          0,
          0
        ],
        [
          2,
          0,
          3,
          163,
          1,
          1,
          0,
          1,
          0,
          0
        ],
        [
          6,
          3,
          0,
          0,
          130,
          2,
          1,
          3,
          1,
          0
        ],
        [
          2,
          3,
          0,
          2,
          2,
          126,
          2,
          7,
          2,
          0
        ],
        [
          1,
          0,
          0,
          2,
          1,
          0,
          118,
          1,
          0,
          0
        ],
        [
          2,
          3,
          0,
          0,
          1,
          0,
          1,
          133,
          1,
          0
        ],
        [
          3,
          1,
          0,
          1,
          1,
          1,
          0,
          12,
          141,
          1
        ],
        [
          3,
          1,
          0,
          1,
          2,
          3,
          0,
          0,
          1,
          151
        ]
      ]
    },
    "heldout": {
      "accuracy": 0.7959459459459459,
      "macro_f1": 0.7933225436608258,
      "confusion": [
        [
          45,
          6,
          2,
          0,
          0,
          0,
          0,
          20,
          1,
          0
        ],
        [
          0,
          68,
          0,
          0,
          6,
          0,
          0,
          0,
          0,
          0
        ],
        [
          8,
          0,
          61,
          0,
          1,
          0,
          0,
          1,
          0,
          3
        ],
        [
          0,
          5,
          0,
          65,
          2,
          1,
          0,
          1,
          0,
          0
        ],
        [
          0,
          0,
          0,
          0,
          50,
          0,
          0,
          24,
          0,
          0
        ],
        [
          1,
          1,
          0,
          0,
          0,
          69,
          1,
          2,
          0,
          0
        ],
        [
          0,
          34,
          1,
          0,
          8,
          2,
          26,
          3,
          0,
          0
        ],
        [
          1,
          1,
          0,
          0,
          3,
          0,
          0,
          67,
          1,
          1
        ],
        [
          0,
          0,
          1,
          0,
          1,
          1,
          1,
          1,
          69,
          0
        ],
        [
          0,
          0,
          0,
          0,
          2,
          0,
          0,
          3,
          0,
          69
        ]
      ]
    },
    "n_features": 43573
  },
  "nocomment": {
    "val": {
      "accuracy": 0.9148148148148149,
      "macro_f1": 0.9147929443266145
    },
    "test": {
      "accuracy": 0.8926894701542589,
      "macro_f1": 0.8933818118815895,
      "confusion": [
        [
          126,
          2,
          2,
          1,
          8,
          1,
          0,
          7,
          0,
          0
        ],
        [
          10,
          125,
          1,
          0,
          10,
          1,
          0,
          0,
          0,
          0
        ],
        [
          16,
          3,
          130,
          0,
          3,
          2,
          0,
          0,
          0,
          0
        ],
        [
          1,
          0,
          3,
          164,
          1,
          1,
          0,
          1,
          0,
          0
        ],
        [
          7,
          3,
          0,
          0,
          129,
          1,
          1,
          3,
          1,
          0
        ],
        [
          3,
          2,
          0,
          2,
          6,
          122,
          3,
          6,
          1,
          0
        ],
        [
          2,
          0,
          0,
          2,
          1,
          0,
          115,
          1,
          0,
          0
        ],
        [
          2,
          2,
          0,
          1,
          4,
          0,
          1,
          130,
          1,
          0
        ],
        [
          3,
          1,
          0,
          1,
          2,
          1,
          0,
          10,
          139,
          1
        ],
        [
          3,
          2,
          0,
          1,
          1,
          3,
          0,
          0,
          1,
          151
        ]
      ]
    },
    "heldout": {
      "accuracy": 0.8189189189189189,
      "macro_f1": 0.8104778896712054,
      "confusion": [
        [
          43,
          7,
          1,
          0,
          3,
          0,
          0,
          18,
          2,
          0
        ],
        [
          0,
          68,
          0,
          0,
          6,
          0,
          0,
          0,
          0,
          0
        ],
        [
          4,
          0,
          65,
          0,
          1,
          0,
          0,
          1,
          0,
          3
        ],
        [
          0,
          7,
          0,
          65,
          1,
          1,
          0,
          0,
          0,
          0
        ],
        [
          0,
          0,
          0,
          0,
          74,
          0,
          0,
          0,
          0,
          0
        ],
        [
          1,
          0,
          0,
          0,
          2,
          68,
          1,
          2,
          0,
          0
        ],
        [
          0,
          38,
          0,
          0,
          11,
          1,
          22,
          2,
          0,
          0
        ],
        [
          1,
          2,
          0,
          0,
          4,
          0,
          0,
          65,
          1,
          1
        ],
        [
          0,
          0,
          2,
          0,
          1,
          1,
          1,
          1,
          67,
          1
        ],
        [
          0,
          1,
          0,
          0,
          1,
          0,
          0,
          3,
          0,
          69
        ]
      ]
    },
    "n_features": 41472
  },
  "labels": [
    "C",
    "C#",
    "C++",
    "Go",
    "Java",
    "JavaScript",
    "PHP",
    "Python",
    "Ruby",
    "Rust"
  ]
}