{
  "note": "Same data, cleaning, models and seed; only the split differs.",
  "cnn_by_task": 0.9200532978014657,
  "cnn_by_snippet": 0.9300466355762825,
  "cnn_inflation_points": 0.9993337774816813,
  "by_task": {
    "train_n": 7225,
    "test_n": 1501,
    "accuracy": 0.9013990672884743
  },
  "by_snippet": {
    "train_n": 7225,
    "test_n": 1501,
    "accuracy": 0.9033977348434377
  },
  "contaminated_test_snippets": 1454,
  "contaminated_fraction": 0.9686875416389074,
  "inflation_points": 0.19986675549633626,
  "seed": 360
}